Model,Accuracy,Precision,Recall,F1 Score
Original Decision Tree,0.368333,0.369713,0.368333,0.354209
Original Random Forest,0.351667,0.349016,0.351667,0.346123
Tuned Decision Tree,0.3416666666666667,0.3339045790394711,0.3416666666666667,0.332113329583802
Tuned Random Forest,0.33,0.3286695992248994,0.33,0.3214420172696659
